2,3,4,5,6
1. perform,1. Instagram,1. economic,1. communication,1. organizational
2. product,2. consumer,2. economy,2. international,2. confidentiality
3. Google,3. leadership,3. technology,3. negotiation
4. hire,4. database,4. negotiate
5. around,5. incentive,5. knowledgeable
6. account,6. performance,6. portfolio
7. event,7. assistant,7. experience
8. even,8. component,8. engineering
9. income,9. industry,9. secretary
10. promote,10. revenue,10. professional
11. budget,11. deposit,11. personalize
12. contact,12. candidate,12. innovation
13. select,13. company,13. executive
14. attend,14. manager,14. introduction
15. promote,15. resources,15. correspondence
16. budget,16. financial,16. ambassador
17. delay,17. position,17. development
18. climate,18. engineer,18. associate
19. recruit,19. privacy,19. influencer
20. report,20. effective,20. advertising
21. campaign,21. advantage
22. pattern,22. insurance
23. finance,23. personnel
,24. guarantee
,25. employee
,26. instructions
,27. customer