Module (week),Activity set,Activity,Type of activities,Exercice type,Pronunciation aspect,Problems (number) ; steps,Link to content,
Step into your career 👟,The Bar is Calling! ☎️  ,👋 Start here! ,TUTORIAL 1,Tutorial,WS,,https://xd.adobe.com/view/3d3adeba-88ed-4a2c-a22f-94cd711b2945-6869/,
Step into your career 👟,The Bar is Calling! ☎️  ,Stepping into your career ,Listening,Pick Stressed Syllable,WS,13,https://docs.google.com/spreadsheets/d/1WvRIKVl0HOo5nGaFEAP6afu6-QuQ4kbiU35ITTSdzrc/edit?usp=sharing,
Step into your career 👟,The Bar is Calling! ☎️  ,Day-to-day,Speaking,Spoken Card,WS,,https://docs.google.com/spreadsheets/d/1eeDSS4Cb_YPfO8vTkj-XzuiChuXsBUHKVnhP8MeC5mM/edit?usp=sharing,
Step into your career 👟,The Bar is Calling! ☎️  ,A clerk of art,Listening,Match Word to Stress Pattern,WS,8,https://docs.google.com/spreadsheets/d/1K43e4qyRSXCwShoKsAShTMUjbzmVLPvX1inighswH38/edit?usp=sharing,
Step into your career 👟,The Bar is Calling! ☎️  ,Studying law,Speaking,Spoken Card,WS,9,https://docs.google.com/spreadsheets/d/1wuQZdxsqBQy69p6A1_JeMc8PshA91TedLVhsR2Xt-qQ/edit?usp=sharing,
Step into your career 👟,The Bar is Calling! ☎️  ,Sollicitor or barrister? ,Speaking,Spoken Sentence,WS,5,https://docs.google.com/spreadsheets/d/1_DB4sIRK9DpmJwgewbc_DnLDAYeINf-pZt7-BlXQj2E/edit?usp=sharing,
Step into your career 👟,At the law firm 💼  ,Stressed syllables ,TUTORIAL 2,Tutorial,WS,,https://xd.adobe.com/view/90effe76-920c-4089-83da-76263037bb39-c5bc/,
Step into your career 👟,At the law firm 💼  ,At the law firm,Speaking,Spoken Card,WS,10,https://docs.google.com/spreadsheets/d/19JMKGeIUQULKmXSB4lga4eD-AZZ1UC_EKdgAnNA3Ov0/edit?usp=sharing,
Step into your career 👟,At the law firm 💼  ,Co-workers,Speaking,Spoken Card,WS,8,https://docs.google.com/spreadsheets/d/1GhUYNx2-jOzYJ4ySo34U8Jp0i_4Mz5I2T5IQ6MoxKik/edit?usp=sharing,
Step into your career 👟,At the law firm 💼  ,Who does what? ,Speaking,Spoken Card,WS,8,https://docs.google.com/spreadsheets/d/17y46bG19356O0FvrysC93hgOZLXyFxdFezMK6D8W3AI/edit?usp=sharing,
Step into your career 👟,At the law firm 💼  ,Call me maybe,Speaking ,Spoken Sentence,WS,5,https://docs.google.com/spreadsheets/d/1CD6AKXD1IIH2aSYG0RkNIIc57RS0y8X2z62S-wp_FdY/edit?usp=sharing,
Working in Court 👩🏻‍⚖️,Working in court: documents 📝  ,The Fab Five,TUTORIAL 3,Tutorial,WS,,https://xd.adobe.com/view/4dd173f6-624e-4ea0-a76e-439053d8823a-1882/,
Working in Court 👩🏻‍⚖️,Working in court: documents 📝  ,All about that document,Listening ,Pick Stressed Pattern,WS,10,https://docs.google.com/spreadsheets/d/1yQ2dl1hy3vKTwLmZ2BfQwpD-hhsjbrgHLS3ny3q9tXE/edit?usp=sharing,
Working in Court 👩🏻‍⚖️,Working in court: documents 📝  ,Let's evi-dance,Speaking,Spoken Sentence,WS,6,https://docs.google.com/spreadsheets/d/1hsgZtYhASGtMPTvCSjB-rsmk_3_oSZe0uBTBYHKiy6M/edit?usp=sharing,
Working in Court 👩🏻‍⚖️,Working in court: documents 📝  ,Practice round,Listening ,Pick Stressed Syllable,WS,8,https://docs.google.com/spreadsheets/d/1soyFDDBHkExZQHFynzuk6uLAUj-PXORRgXOjqt3OQHo/edit?usp=sharingg,
Working in Court 👩🏻‍⚖️,Working in court: documents 📝  ,Talking about documents,Speaking,Spoken Card,WS,11,https://docs.google.com/spreadsheets/d/1T7wulKPQcvm3P5cfX9REtHdRK6JTJwLkHueuSd7JSmQ/edit?usp=sharing,
Working in Court 👩🏻‍⚖️,Working in court: documents 📝  ,Types of evidence,Speaking,Spoken Card,WS,8,https://docs.google.com/spreadsheets/d/1Bp6wOkWxvO82wE53IOUuBUyJIXmNrU-Adr4EFgP9S2E/edit?usp=sharing,
Working in Court 👩🏻‍⚖️,Court types & people 👩🏽‍⚖️   ,Courting time ,Speaking ,Spoken Card,WS,11,https://docs.google.com/spreadsheets/d/1RMKQwiL0D-bGX-YdcVcd3UrGA7jCKuCFAyXb-DfB_u4/edit?usp=sharing,
Working in Court 👩🏻‍⚖️,Court types & people 👩🏽‍⚖️   ,Who are you? ,Speaking ,Spoken Card,WS,10,https://docs.google.com/spreadsheets/d/1U3mWHeOFLoFkw75zTOVVX6X6Md3Ni3mALO4EnYUGkxY/edit?usp=sharing,
Working in Court 👩🏻‍⚖️,Court types & people 👩🏽‍⚖️   ,Mix and match,Listening ,Pick Stressed Pattern,WS,10,https://docs.google.com/spreadsheets/d/1dZAwRfMHIuH_EBiOk44UY-e7-mA8a1-VazxZA-guiRc/edit?usp=sharing,
Working in Court 👩🏻‍⚖️,Court types & people 👩🏽‍⚖️   ,Who's got the power? ,Speaking ,Spoken Card,WS,5,https://docs.google.com/spreadsheets/d/17haFhgUsI8Zba7hGunSgJKDCYfktLvL1XL4OfaUTasI/edit?usp=sharing,
Working in Court 👩🏻‍⚖️,Court types & people 👩🏽‍⚖️   ,Verdict,Speaking ,Spoken Sentence,WS,5,https://docs.google.com/spreadsheets/d/1J06LVm1D8NOfQ0dImNnn9h-R1sctBIvnjqYm42YZ3ts/edit?usp=sharing,
Working in Court 👩🏻‍⚖️,REVISION 🤓,Type it out,Listening ,Input Stress Pattern,WS,11,https://docs.google.com/spreadsheets/d/1eiNOCnIO0sUuQrmgcmU1JkHZ0hlTomJIBEe79O1Eprk/edit?usp=sharing,
Working in Court 👩🏻‍⚖️,REVISION 🤓,Nice to meet you,Speaking ,Spoken Sentence,WS,5,https://docs.google.com/spreadsheets/d/1ZnRScFhFBFfe71wKNld_aZQXS4h_jffYDo5P8Tey8Qg/edit?usp=sharing,
Working in Court 👩🏻‍⚖️,REVISION 🤓,Matchy Matchy,Listening ,Match Word to Stress Pattern,WS,8,https://docs.google.com/spreadsheets/d/1Uob1-3FoRsVnsF0uXQD2gt8S0MRPmKSxqQh0hAkRoX0/edit?usp=sharing,
Working in Court 👩🏻‍⚖️,REVISION 🤓,Can you make it to the end? ,Speaking ,Spoken Card,WS,14,https://docs.google.com/spreadsheets/d/1z5quCwRRcroaOKI2v-xLo_Fp0vyUxGCRzOohB3CWQYk/edit?usp=sharing,
Criminal Law 🗃️ 1,Short or long sentence? 💬,The sheep has sailed ,TUTORIAL 1,Tutorial,VC1,,,
Criminal Law 🗃️ 1,Short or long sentence? 💬,The Phonetic Alphabet,TUTORIAL 2,Tutorial,VC1,,,
Criminal Law 🗃️ 1,Short or long sentence? 💬,Slowly but surely,Listening ,Pick Phonetics,VC1,,https://docs.google.com/spreadsheets/d/18Mc1MrzlZlwniD8z8ma5EbEunif4vjqcC9-yRW4FPQg/edit?usp=sharing,
Criminal Law 🗃️ 1,Short or long sentence? 💬,Long or short? ,Listening ,Pick Phonetics,VC1,10,https://docs.google.com/spreadsheets/d/1oUTggBEiUHa3bXCsFZbSxi3wIbknkB3Ymty-mp7PzRQ/edit?usp=sharing,
Criminal Law 🗃️ 1,Short or long sentence? 💬,Jury duty,Speaking,Spoken Card,VC1,10,https://docs.google.com/spreadsheets/d/1_hOrs5qi8SQbCKviFoFnM1KcN_sJ1w451kCiOz1lCAA/edit?usp=sharing,
Criminal Law 🗃️ 1,Acts commited 🚩,"(Re)lax, take it easy!",TUTORIAL 3,Tutorial,VC1,,,
Criminal Law 🗃️ 1,Acts commited 🚩,Illegal vocabulary,Speaking ,Spoken Card,WS,15,https://docs.google.com/spreadsheets/d/1r85e0XszzHOljoEzn00E5OidkKmzb3dBoDlIOFxexFU/edit?usp=sharing,
Criminal Law 🗃️ 1,Acts commited 🚩,Same same but different,Listening ,Pick Audio Unlike Others,WS,,https://docs.google.com/spreadsheets/d/1mho-NUP5DiAaxkaToiX1F9FLPGG4iPlxXrVLulrgDYw/edit?usp=sharing,
Criminal Law 🗃️ 1,Acts commited 🚩,NEW TUTORIAL (WS reminder - same as the one in Mathematics in STEM English),TUTORIAL 4,Tutorial,,,Noa's new tutorial,
Criminal Law 🗃️ 1,Acts commited 🚩,Time to answer,Speaking ,Spoken Sentence,WS,8,https://docs.google.com/spreadsheets/d/13YJq-8tgtSuzf8ZcRlkVbmgBvSzbSv9Ez2kga_dAfFk/edit?usp=sharing,
Criminal Law 🗃️ 1,Acts commited 🚩,Which is it?,Listening ,Match Word to Audio,VC1,,https://docs.google.com/spreadsheets/d/1YaF1qwXbyJV5IZE-RhDYCWcHUa7o1aBOaiOVv2t9y9M/edit?usp=sharing,
Criminal Law 🗃️ 2,Legal procedure 📜,Under pressure,Speaking ,SpokenSentence,WS,,https://docs.google.com/spreadsheets/d/19s7zrF0pFCFccM5Vb8BypV_OMkaU2smt199rG-c7YxY/edit?usp=sharing,
Criminal Law 🗃️ 2,Legal procedure 📜,Pick your player,Listening ,Pick Stress Pattern,WS,,https://docs.google.com/spreadsheets/d/1ydzFI5WYHNPdkeelhpgeBLlwZCuta3WMWM--wfbI0CY/edit?usp=sharing,
Criminal Law 🗃️ 2,Legal procedure 📜,Paperwork,Speaking ,Spoken Card,WS/VC1,,https://docs.google.com/spreadsheets/d/1xXfzboB6FECnBzo5RPggNNIprVbas5Kh5UDsFDdwWtY/edit?usp=sharing,
Criminal Law 🗃️ 2,Legal procedure 📜,The right stress,Listening ,Match Word to Stress Pattern,WS,,https://docs.google.com/spreadsheets/d/1esS1UYrPDn7GOzv1ij-qBRwaMKMB9oc1iILwI-ZC098/edit?usp=sharing,
Criminal Law 🗃️ 2,Legal procedure 📜,Step by step,Speaking ,Spoken Sentence,WS/VC1,,https://docs.google.com/spreadsheets/d/110v8jwSzGsvWErBj0NbHv87efOCBBxn_Ct7m9bta_gI/edit?usp=sharing,
Criminal Law 🗃️ 2,Consequences ⚠️,Show me what you got,Listening ,Count syllable,WS,12,https://docs.google.com/spreadsheets/d/1_G-f4cpL6MA8W21KWnR5SLuracOpm4YKObf5dGk5aM0/edit?usp=sharing,
Criminal Law 🗃️ 2,Consequences ⚠️,Crowded room,Speaking ,Spoken Card,VC1,8,https://docs.google.com/spreadsheets/d/1s9khiQsNLmWWd7fYlDKD2Rwz6n_OBiH6ah_Ur1LIwNM/edit?usp=sharing,
Criminal Law 🗃️ 2,Consequences ⚠️,Aftermath,Listening ,Pick Stressed Syllable,WS,,https://docs.google.com/spreadsheets/d/1Lus-Me0VMs0JDgcivg8Ionz5zHuYA8hTYC5T-eS6iCM/edit?usp=sharing,
Criminal Law 🗃️ 2,Consequences ⚠️,No pain no game ,Speaking ,Spoken Sentence,WS/VC1,,https://docs.google.com/spreadsheets/d/1JGmf5t-niPXU7LloH9cBH8Z0IkkpR8epnnTyhuEMTvY/edit?usp=sharing,
Criminal Law 🗃️ 2,Consequences ⚠️,You reap what you sow,Speaking ,Spoken Card,WS/VC1,,https://docs.google.com/spreadsheets/d/1lK62ytbcyom9WmrjEeG2fCU8w7KylQCXm7Fy1-f_C1g/edit?usp=sharing,
Criminal Law 🗃️ 2,REVISION 🤓,Get it right,Listening ,Input Stress Pattern,WS,,https://docs.google.com/spreadsheets/d/16iLql9Z15FS-bf0Tothbo4twXnrcxj8xEZe8UFjozYQ/edit?usp=sharing,
Criminal Law 🗃️ 2,REVISION 🤓,No secret between us ,Speaking ,Spoken Sentence,WS,,https://docs.google.com/spreadsheets/d/14e1WkyFx9Uo-ZMVtieaVtAkh8hZHyXFJx2gBR5uww9M/edit?usp=sharing,
Criminal Law 🗃️ 2,REVISION 🤓,The Lawyer whisperer,Listening ,Match Word to Stress Pattern,WS,,https://docs.google.com/spreadsheets/d/1iaYT6oZBjQ6vEZgXtUDtxd7o9NADP11kyhCil_E_p-w/edit?usp=sharing,
Criminal Law 🗃️ 2,REVISION 🤓,Fast & not furious at all ,Speaking ,Spoken Card,WS/VC1,,https://docs.google.com/spreadsheets/d/1nWnay7R0EqRqKmLD04EMmhZC2HfLfesaayASzEeiezs/edit?usp=sharing,
Addressing the court 📣 1,Entering the court 🚶🏽‍♀️,How to speak in the past,TUTORIAL 1,Tutorial,ED,,,
Addressing the court 📣 1,Entering the court 🚶🏽‍♀️,Actions,Listening ,Pick Phonetics,ED,8,https://docs.google.com/spreadsheets/d/1Ceiwe3PIOEDui4ZZT9N_Eu4UE4pRSkw7XsRN4um_vrk/edit?usp=sharing,
Addressing the court 📣 1,Entering the court 🚶🏽‍♀️,What can happen? ,Listening ,Pick Audio Unlike Others,ED,8,https://docs.google.com/spreadsheets/d/1qLXhUGHT7US6z782OqPfpfIxAon2WlOAYtICHyhgIFs/edit?usp=sharing,
Addressing the court 📣 1,Entering the court 🚶🏽‍♀️,Voiced or Voiceless? ,TUTORIAL 2,Tutorial,ED,,,
Addressing the court 📣 1,Entering the court 🚶🏽‍♀️,Procedures in the court,Speaking ,Spoken Card,ED,8,https://docs.google.com/spreadsheets/d/1syJ2owIZ-uME60J-f0me-M_1jXH9p7JFLcePwonCE34/edit?usp=sharing,
Addressing the court 📣 1,Entering the court 🚶🏽‍♀️,Simon says ...,Speaking,Spoken Card,ED,,https://docs.google.com/spreadsheets/d/11ohGXfgIui971H77VZ5Z-a3UjfOUcpH9mgWrlyHrkkE/edit?usp=sharing,
Addressing the court 📣 1,Authority 🔨,A rulling trio,TUTORIAL 3,Tutorial,ED,,,
Addressing the court 📣 1,Authority 🔨,Pleaded innocent,Listening ,Match Word to Audio,ED,8,https://docs.google.com/spreadsheets/d/1hnTHf_nkXZJBsOYCcWz4LdU0EVCM4VFoTrfWHzv03oQ/edit?usp=sharing,
Addressing the court 📣 1,Authority 🔨,Talk to my hand,Speaking ,Spoken Sentence,ED,,https://docs.google.com/spreadsheets/d/1nmYR8PA3tkzbkEwcrfvicRhIEJ5N68H3YcGoXnuHr98/edit?usp=sharing,
Addressing the court 📣 1,Authority 🔨,Steps in the court ,Speaking ,Spoken Sentence,ED,8,https://docs.google.com/spreadsheets/d/1NR1Nxh2k8FJdp2-RGm_gn55Nw4Mc-VMEeTIP6qGKyRM/edit?usp=sharing,Note: do not include (wrong linguistic domain) // ask actors to whisper for part of the recordings
Addressing the court 📣 2,Scales of justice ⚖️,Witty witness,Speaking ,Spoken Sentence,WS/ED,,https://docs.google.com/spreadsheets/d/1divCpWSfzCjLxjbhV8EOGgmRvY4x1-4q7FzUzEhmp5Q/edit?usp=sharing,Note: different actors because it is not one single conversation
Addressing the court 📣 2,Scales of justice ⚖️,MessED up,Listening ,Pick Phonetics,ED,8,https://docs.google.com/spreadsheets/d/16Jq1HhmjKG_Ybp3CmeGJ_8De5-fzjnXfpdgOCihH1mI/edit?usp=sharing,
Addressing the court 📣 2,Scales of justice ⚖️,Quizz ....ed ,TUTORIAL 4,Tutorial,ED,,,
Addressing the court 📣 2,Scales of justice ⚖️,Can you keep a secret? ,Speaking ,Spoken Card,ED,8,https://docs.google.com/spreadsheets/d/1QxrSn0t1Oky1BuIwVOe9pbsndDVNG1qlaXzPfph-7AA/edit?usp=sharing,
Addressing the court 📣 2,Scales of justice ⚖️,Odd one out,Listening ,Pick Audio Unlike Others,ED,8,https://docs.google.com/spreadsheets/d/1mSsAXqOMyFZ5qVcrT2cFK97xwgPxkxbnsAkF934K53s/edit?usp=sharing,
Addressing the court 📣 2,Sentencing 😈,SentencED,Speaking ,Spoken Card,ED,8,https://docs.google.com/spreadsheets/d/1uvGEiH0bVlwCpePJMxEWOltVpgE7nY8hGTa3r_BYJdE/edit?usp=sharing,
Addressing the court 📣 2,Sentencing 😈,Consequences,Speaking ,Spoken Card,WS/ED,8,https://docs.google.com/spreadsheets/d/1nh6-bGYCUNHmbRwg4v1SieLQN2EeAVwAdpVbxZlfxuQ/edit?usp=sharing,
Addressing the court 📣 2,Sentencing 😈,Paid or Played?,Listening ,Match Word to Audio,ED,8,https://docs.google.com/spreadsheets/d/1xyyYI0_JuimLGnhLkQd0b3uP2DVu84tJiHMIOPRwCwM/edit?usp=sharing,
Addressing the court 📣 2,Sentencing 😈,Under arrest,Speaking ,Spoken Card,WS/ED,8,https://docs.google.com/spreadsheets/d/1ahKgrxZr2DET-OJMP2Q4jHrr4zPj7h3RDJdU7RGZZa8/edit?usp=sharing,
Addressing the court 📣 2,REVISION 🤓,Bagged/got the goods,Listening ,Match Word to Audio,ED,8,https://docs.google.com/spreadsheets/d/18iNxg6TRpGwCLtGTI2OB5HGOrZ0_tgboo4-Qe9PZKvY/edit?usp=sharing,
Addressing the court 📣 2,REVISION 🤓,Please be seated,Speaking ,Spoken Sentence,WS/ED,,https://docs.google.com/spreadsheets/d/1BDn8-BmRgEPf70-CiSqPZchF9I7i6iXB5eNCK-JmHsE/edit?usp=sharing,
Addressing the court 📣 2,REVISION 🤓,Be your own judge,Listening ,Pick Audio Unlike Others,ED,8,https://docs.google.com/spreadsheets/d/1859C89_DmL6vIxkAkx3giY778jOHn18YMqmsbM5CTqs/edit?usp=sharing,
Addressing the court 📣 2,REVISION 🤓,Presumed innocent,Speaking ,Spoken Card,WS/ED,12,https://docs.google.com/spreadsheets/d/1YZ-OJulFxTLU5IO5x-smebVo_P99EKnjegjl40oyKO4/edit?usp=sharing,
Business law,,,TUTORIAL 1,,,,,
Business law,,,,,,,,
Business law,,,,,,,,
Business law,,,,,,,,
Business law,,,,,,,,
Business law,,,,,,,,
Business law,,,,,,,,
Business law,,,,,,,,
Business law,,,,,,,,
Business law,,,,,,,,
Business law,,,,,,,,
Business law,,,,,,,,
Business law,,,,,,,,
Business law,,,,,,,,
Business law,,,,,,,,
Business law,,,,,,,,
Business law,,,,,,,,
Business law,,,,,,,,
Business law,,,,,,,,
Business law,REVISION 🤓,,,,,,,
Business law,REVISION 🤓,,,,,,,
Business law,REVISION 🤓,,,,,,,
Business law,REVISION 🤓,,,,,,,
Persuasive speaking 🧩 1,Welcome to the jungle 🦁,What are focus words? ,TUTORIAL 1,Tutorial,FW,,https://xd.adobe.com/view/d14e5c28-f389-478e-9d4d-0517fab78312-841d/,
Persuasive speaking 🧩 1,Welcome to the jungle 🦁,Find the focus,Listening ,Pick Stressed Word ,FW,,https://docs.google.com/spreadsheets/d/1sysQxZX_fVjz92rSTz2nEi8T63K9I5ROWvZCA8Bu-us/edit?usp=sharing,
Persuasive speaking 🧩 1,Welcome to the jungle 🦁,Innocent 'till proven guilty,Speaking ,Spoken Card,FW,,https://docs.google.com/spreadsheets/d/1LzdJq827QrioIl8PJ9Ux71JCwERWxhrseynVnXSjwbo/edit?usp=sharing,
Persuasive speaking 🧩 1,Welcome to the jungle 🦁,Four in one,TUTORIAL 2,Tutorial,FW,,https://xd.adobe.com/view/efe57460-eaf4-4f83-9af4-94fc2a734e9c-bab6/,
Persuasive speaking 🧩 1,Welcome to the jungle 🦁,Dealing with this ,Listening ,Pick Meaning of Audio ,FW,,https://docs.google.com/spreadsheets/d/1d7HXRbWQ6H9xha8KQ1r79FeFTYUoEHlzVJsqzRIIEJU/edit?usp=sharing,do not include
Persuasive speaking 🧩 1,Welcome to the jungle 🦁,Greedy Lindsey,Speaking ,Spoken Card,FW,,https://docs.google.com/spreadsheets/d/1Tl909o0_pDRvrM6dl2dw8Zb_G_ElDgP80Sx2v8U-5wM/edit?usp=sharing,
Persuasive speaking 🧩 1,"The truth, the whole truth, and nothing but the truth 📖","Content words, you said? ",TUTORIAL 3,Tutorial,FW,,https://xd.adobe.com/view/4573dc94-ee88-43b6-b5e1-c4f296c92ad5-1020/,
Persuasive speaking 🧩 1,"The truth, the whole truth, and nothing but the truth 📖",Taking the stand,Speaking ,Spoken Sentence,FW,,https://docs.google.com/spreadsheets/d/11o5k-wW5zndsGguLpefEJwj4dMdV7sUjblcYF-Qq4ck/edit?usp=sharing,too triggering for students having experienced abuse?
Persuasive speaking 🧩 1,"The truth, the whole truth, and nothing but the truth 📖",Intricacies,Listening ,Match Audio to Meaning,FW,,https://docs.google.com/spreadsheets/d/1bpnxubc--Gue3dFATqELCZKE3cyRIhe3tnK93Kdc_38/edit?usp=sharing,
Persuasive speaking 🧩 1,"The truth, the whole truth, and nothing but the truth 📖",Court in session!,Speaking ,Spoken Sentence,FW,,https://docs.google.com/spreadsheets/d/1xdbOtcMTVcLIbGxZ3qkXYZDJKBRfjFTpNYREfObAxZ8/edit?usp=sharing,
Persuasive speaking 🧩 1,"The truth, the whole truth, and nothing but the truth 📖",Stressed you said? ,Listening ,Pick Stressed Word,FW,,https://docs.google.com/spreadsheets/d/1XvTe7ioWCPfezb6sMEPMNYqWW2T-Hpz9cADtVLPzi1I/edit?usp=sharing,
Persuasive speaking 🧩 1,"The truth, the whole truth, and nothing but the truth 📖",Tell me why,Speaking ,Spoken Sentence,FW,,https://docs.google.com/spreadsheets/d/1bIQEE2lfyXLGOCxQ6aNUBGeQSYW-qkxtXmMZmQ8DH7o/edit?usp=sharing,
Persuasive speaking 🧩 2,Case closed 📕,Focus on the right words,TUTORIAL 4,Tutorial,FW,,https://xd.adobe.com/view/5094855b-8027-4e23-bde2-f827413ac56c-05c7/,
Persuasive speaking 🧩 2,Case closed 📕,Last dance,Listening ,Pick Meaning of Audio ,FW,,https://docs.google.com/spreadsheets/d/1_jSLZVYnVEqjItmNOGEfCTL7UOHPCreQ6I5bIGbd2Lc/edit?usp=sharing,
Persuasive speaking 🧩 2,Case closed 📕,It's your call,Speaking ,Spoken Sentence,FW,,https://docs.google.com/spreadsheets/d/1mqw8Qga2peH-zhZB7ARY7in9YM0aocWz3W92hwf1vfk/edit?usp=sharing,
Persuasive speaking 🧩 2,Case closed 📕,Listen carefully,Listening ,Match Audio to Meaning,FW,,https://docs.google.com/spreadsheets/d/1o5WyWGXOr-RTDTmwogpltAosDQvGPcp4lJuCMjK-tK4/edit?usp=sharing,
Persuasive speaking 🧩 2,Case closed 📕,Closing statements,Speaking ,Spoken Card,FW,,https://docs.google.com/spreadsheets/d/1uvTn5FuWytqmk8Cme7A88w_nd6vS0ArMoC1JLB9q5Zk/edit?usp=sharing,
Persuasive speaking 🧩 2,Fake it till' you make it 🎲,Keep this in mind (NEW TUTORIAL),TUTORIAL 5,Tutorial,FW,,Drawn,
Persuasive speaking 🧩 2,Fake it till' you make it 🎲,Welcome back,Speaking ,Spoken Sentence,FW,,https://docs.google.com/spreadsheets/d/1dkGLr2IGqL0ltwsc99rF-RDRc0Qle583HcLvLIEu7lU/edit?usp=sharing,
Persuasive speaking 🧩 2,Fake it till' you make it 🎲,In the heat of it ,Speaking ,Spoken Sentence,FW,,https://docs.google.com/spreadsheets/d/1jRMmL1W1WNxvP1pfkj0YeG4fiPNZKOvVD6fm4hVZ2Sg/edit?usp=sharing,
Persuasive speaking 🧩 2,Fake it till' you make it 🎲,Closing the chapter/ Chapter closed,Speaking ,Spoken Card,FW,,https://docs.google.com/spreadsheets/d/1_fZnALm3sG1ruwu9M9k5PI_xkCWe3UkYa8Iy8SosanM/edit?usp=sharing,
Persuasive speaking 🧩 2,Fake it till' you make it 🎲,Objection your Honor!,Speaking ,Spoken Card,FW,,https://docs.google.com/spreadsheets/d/1-pQxTrNHsNi0dOJoRDyG3vgbgR32PAqlS2XwEUYHn2U/edit?usp=sharing,
Persuasive speaking 🧩 2,REVISION 🤓,Swear,Listening ,Pick Stressed Word,FW,,https://docs.google.com/spreadsheets/d/1cefno-snzgp-hEokw05-aVOlpBS11-oiK70Upvdar6s/edit?usp=sharing,
Persuasive speaking 🧩 2,REVISION 🤓,Ultimate trial,Speaking ,Spoken Sentence,FW,,https://docs.google.com/spreadsheets/d/1FXVTwH_ZzsHqXmUaaWssbXnlSW018HDhL5cIUX_rxHc/edit?usp=sharing,
Persuasive speaking 🧩 2,REVISION 🤓,No stress no mess,Listening ,Match Word to Stress Pattern,FW,,https://docs.google.com/spreadsheets/d/1XlCGG5Q5X2klYCWO7zIwvVjZK_yCEVkHKysEAqT6I20/edit?usp=sharing,
Persuasive speaking 🧩 2,REVISION 🤓,Finish line,Speaking ,Spoken Card,FW,,https://docs.google.com/spreadsheets/d/1WCfDmayYq0NgxDDP0UBleIqoHmf0RLoYGJjHRNoL8Tw/edit?usp=sharing,